Blabla,Jazzy Carribean,57
Rufus Redford's Ruthless Orchestra,Gothic Opera Metal,6
Chris Jameson Band - Green with Envy,Hubris and Stupid,0.5
J. Bless,Evil,665
Ellington Uptown,Jazz,4
Marshall's Mellow Melodies,Ambient,44
Skullcap Friar,Gothic Punk,32
Trolololol,Jazzy Opera,1
Boring old dead person,Classical,17
Hubris & Fatigue,Melancholy,3
Mood Indigo,Ambient,72
Ulysses S. Grant's Grand Orchestra,War Music,52
Movie Soundtracks,Sountracks & Scores,5329
Dr. Laura and the Whiners,R & B,458
Captain Waisan,Indie Rock,12
Nuevo Blanca,Fiesta,5
Yuletide Tidings,Christmas,365
The Band of all Bands,Anything & Everything,99733842
Genghis Khan's Knuckle Sandwich,Heavy Metal,4
Fiery Hangover,Ambient,13
The Crucible,Soundtraks,53
The Inquisition,Death Metal,37
Henry the Womanizer,Ballroom Dance,1
Phillip and the Choir,Organ Music,7
The Armada,Rock,12
Gori & Dafetid,Melancholy,72
The Golden Horde,Headbasher,31
J.J. and the Felines,Jazz,4
The Naysayers,Hubris and very Stupid,462
D.C. and the Congressmen,Punk Metal,51
John Doe,Morgue Music,0
Mongol Mogel,Frenzied Classical,2
Three Sheds Jackson,Classical,3
Jameson And the Pupils,Coding Mistakes,583
Puritan Pride,Church Music,65
The Quakers,Peaceful Ambience,5
The Mighty Ducks,Electronic,82
Gogoo Gaga,Lullaby,7
Yanni,Composition,3
The Cartel,Action Music,4
The Italics,Classical,1
The Bolds,Rock,2
The Underlineds,Rap,4.5
Davidson & Songs,R & B,21
Jameson and Politcaly Incorrect,Cold and Heartless,2
Godzilla,Metal,81
Hanzel & Gretel,Fairy Tale Music,42
Monte,Hipster,1
Hitler Stalin & Company,War Music,3
J Dizzle,Dazzle,7
Tequila Loca,Lament,6
Yuesef Yosef,Drums,1
Das Wolkenstein,Electronic,5
Gitbash,Metal,2